,pid,package,dayofstudy,loyalty,regularity,duration,duration_mean,duration_std,duration_min,duration_max,betweenlaunch_duration_mean,betweenlaunch_duration_std
0,1000,aspire,29.0,5,1,73,15.0,13.0,0,35,495.0,486.0
1,1000,aspire,19.0,2,2,179,90.0,29.0,69,110,21660.0,-1.0
2,1000,aspire,21.0,2,2,88,44.0,48.0,10,78,52140.0,-1.0
3,1000,aspire,26.0,2,1,55,28.0,15.0,17,38,120.0,-1.0
4,1000,aspire,28.0,2,1,45,22.0,15.0,12,33,2160.0,-1.0
5,1000,aspire,39.0,2,2,61,30.0,8.0,25,36,4500.0,-1.0
6,1000,aspire,40.0,2,1,23,12.0,4.0,9,14,8940.0,-1.0
7,1000,aspire,41.0,2,2,72,36.0,34.0,12,60,18600.0,-1.0
8,1000,aspire,42.0,2,1,21,10.0,5.0,7,14,120.0,-1.0
9,1000,aspire,18.0,1,1,0,0.0,0.0,0,0,-1.0,-1.0
10,1000,aspire,20.0,1,1,18,18.0,0.0,18,18,-1.0,-1.0
11,1000,aspire,22.0,1,1,8,8.0,0.0,8,8,-1.0,-1.0
12,1000,aspire,25.0,1,1,9,9.0,0.0,9,9,-1.0,-1.0
13,1000,aspire,27.0,1,1,2,2.0,0.0,2,2,-1.0,-1.0
14,1000,aspire,30.0,1,1,24,24.0,0.0,24,24,-1.0,-1.0
15,1000,aspire,31.0,1,1,45,45.0,0.0,45,45,-1.0,-1.0
16,1000,aspire,32.0,1,1,53,53.0,0.0,53,53,-1.0,-1.0
17,1000,aspire,33.0,1,1,35,35.0,0.0,35,35,-1.0,-1.0
18,1000,aspire,34.0,1,1,8,8.0,0.0,8,8,-1.0,-1.0
19,1000,aspire,36.0,1,1,25,25.0,0.0,25,25,-1.0,-1.0
20,1000,aspire,37.0,1,1,35,35.0,0.0,35,35,-1.0,-1.0
21,1000,aspire,38.0,1,1,32,32.0,0.0,32,32,-1.0,-1.0
22,1000,aspire,43.0,1,1,33,33.0,0.0,33,33,-1.0,-1.0
23,1000,aspire,44.0,1,1,30,30.0,0.0,30,30,-1.0,-1.0
24,1000,aspire,45.0,1,1,17,17.0,0.0,17,17,-1.0,-1.0
25,1000,aspire,46.0,1,1,18,18.0,0.0,18,18,-1.0,-1.0
26,1000,aspire,47.0,1,1,29,29.0,0.0,29,29,-1.0,-1.0
27,1000,aspire,49.0,1,1,18,18.0,0.0,18,18,-1.0,-1.0
28,1000,boostme,33.0,3,2,159,53.0,32.0,18,81,12270.0,16080.0
29,1000,boostme,6.0,2,2,0,0.0,0.0,0,0,41880.0,-1.0
30,1000,boostme,26.0,2,2,44,22.0,28.0,2,42,20520.0,-1.0
31,1000,boostme,30.0,2,1,180,90.0,17.0,78,102,240.0,-1.0
32,1000,boostme,34.0,2,2,84,42.0,30.0,21,63,25440.0,-1.0
33,1000,boostme,40.0,2,1,184,92.0,10.0,85,99,14340.0,-1.0
34,1000,boostme,41.0,2,2,134,67.0,66.0,20,114,18480.0,-1.0
35,1000,boostme,21.0,1,1,6,6.0,0.0,6,6,-1.0,-1.0
36,1000,boostme,27.0,1,1,132,132.0,0.0,132,132,-1.0,-1.0
37,1000,boostme,28.0,1,1,186,186.0,0.0,186,186,-1.0,-1.0
38,1000,boostme,29.0,1,1,132,132.0,0.0,132,132,-1.0,-1.0
39,1000,boostme,31.0,1,1,35,35.0,0.0,35,35,-1.0,-1.0
40,1000,boostme,32.0,1,1,84,84.0,0.0,84,84,-1.0,-1.0
41,1000,boostme,35.0,1,1,20,20.0,0.0,20,20,-1.0,-1.0
42,1000,boostme,36.0,1,1,89,89.0,0.0,89,89,-1.0,-1.0
43,1000,boostme,37.0,1,1,78,78.0,0.0,78,78,-1.0,-1.0
44,1000,boostme,38.0,1,1,82,82.0,0.0,82,82,-1.0,-1.0
45,1000,boostme,39.0,1,1,96,96.0,0.0,96,96,-1.0,-1.0
46,1000,boostme,42.0,1,1,24,24.0,0.0,24,24,-1.0,-1.0
47,1000,boostme,43.0,1,1,125,125.0,0.0,125,125,-1.0,-1.0
48,1000,boostme,44.0,1,1,72,72.0,0.0,72,72,-1.0,-1.0
49,1000,boostme,45.0,1,1,78,78.0,0.0,78,78,-1.0,-1.0
50,1000,boostme,46.0,1,1,68,68.0,0.0,68,68,-1.0,-1.0
51,1000,boostme,47.0,1,1,72,72.0,0.0,72,72,-1.0,-1.0
52,1000,boostme,49.0,1,1,77,77.0,0.0,77,77,-1.0,-1.0
53,1000,dailyfeats,41.0,3,2,73,24.0,21.0,0,38,9180.0,1188.0
54,1000,dailyfeats,46.0,3,1,41,14.0,7.0,6,18,3960.0,5515.0
55,1000,dailyfeats,40.0,2,1,60,30.0,42.0,0,60,4320.0,-1.0
56,1000,dailyfeats,42.0,2,1,34,17.0,10.0,10,24,8640.0,-1.0
57,1000,dailyfeats,43.0,2,2,25,12.0,18.0,0,25,13380.0,-1.0
58,1000,dailyfeats,44.0,2,1,24,12.0,17.0,0,24,10020.0,-1.0
59,1000,dailyfeats,45.0,2,1,0,0.0,0.0,0,0,3900.0,-1.0
60,1000,dailyfeats,47.0,2,1,0,0.0,0.0,0,0,6660.0,-1.0
61,1000,dailyfeats,49.0,2,1,22,11.0,16.0,0,22,9900.0,-1.0
62,1000,dailyfeats,48.0,1,1,21,21.0,0.0,21,21,-1.0,-1.0
63,1000,icope,36.0,2,2,0,0.0,0.0,0,0,9720.0,-1.0
64,1000,icope,33.0,1,1,52,52.0,0.0,52,52,-1.0,-1.0
65,1000,icope,34.0,1,1,189,189.0,0.0,189,189,-1.0,-1.0
66,1000,icope,35.0,1,1,30,30.0,0.0,30,30,-1.0,-1.0
67,1000,icope,37.0,1,1,54,54.0,0.0,54,54,-1.0,-1.0
68,1000,icope,38.0,1,1,41,41.0,0.0,41,41,-1.0,-1.0
69,1000,icope,39.0,1,1,29,29.0,0.0,29,29,-1.0,-1.0
70,1000,icope,40.0,1,1,24,24.0,0.0,24,24,-1.0,-1.0
71,1000,icope,41.0,1,1,35,35.0,0.0,35,35,-1.0,-1.0
72,1000,icope,42.0,1,1,33,33.0,0.0,33,33,-1.0,-1.0
73,1000,icope,43.0,1,1,4,4.0,0.0,4,4,-1.0,-1.0
74,1000,icope,44.0,1,1,5,5.0,0.0,5,5,-1.0,-1.0
75,1000,icope,45.0,1,1,4,4.0,0.0,4,4,-1.0,-1.0
76,1000,icope,46.0,1,1,5,5.0,0.0,5,5,-1.0,-1.0
77,1000,icope,49.0,1,1,5,5.0,0.0,5,5,-1.0,-1.0
78,1000,mantra,20.0,3,2,82,27.0,9.0,20,38,33330.0,44845.0
79,1000,mantra,34.0,3,1,83,28.0,10.0,19,38,40890.0,57403.0
80,1000,mantra,39.0,3,2,59,20.0,5.0,15,24,33600.0,46924.0
81,1000,mantra,17.0,2,1,60,30.0,21.0,15,45,3060.0,-1.0
82,1000,mantra,19.0,2,1,84,42.0,10.0,35,49,960.0,-1.0
83,1000,mantra,21.0,2,2,95,48.0,23.0,31,64,2100.0,-1.0
84,1000,mantra,25.0,2,2,43,22.0,15.0,11,32,11880.0,-1.0
85,1000,mantra,27.0,2,1,103,52.0,33.0,28,75,600.0,-1.0
86,1000,mantra,30.0,2,1,25,12.0,11.0,5,20,180.0,-1.0
87,1000,mantra,36.0,2,1,49,24.0,2.0,23,26,540.0,-1.0
88,1000,mantra,37.0,2,1,39,20.0,4.0,17,22,360.0,-1.0
89,1000,mantra,38.0,2,2,47,24.0,4.0,21,26,480.0,-1.0
90,1000,mantra,41.0,2,2,101,50.0,33.0,27,74,660.0,-1.0
91,1000,mantra,43.0,2,1,48,24.0,8.0,18,30,720.0,-1.0
92,1000,mantra,44.0,2,1,43,22.0,1.0,21,22,900.0,-1.0
93,1000,mantra,45.0,2,1,39,20.0,2.0,18,21,540.0,-1.0
94,1000,mantra,49.0,2,1,75,38.0,22.0,22,53,480.0,-1.0
95,1000,mantra,14.0,1,1,0,0.0,0.0,0,0,-1.0,-1.0
96,1000,mantra,15.0,1,1,0,0.0,0.0,0,0,-1.0,-1.0
97,1000,mantra,16.0,1,1,59,59.0,0.0,59,59,-1.0,-1.0
98,1000,mantra,18.0,1,1,31,31.0,0.0,31,31,-1.0,-1.0
99,1000,mantra,23.0,1,1,44,44.0,0.0,44,44,-1.0,-1.0
100,1000,mantra,26.0,1,1,26,26.0,0.0,26,26,-1.0,-1.0
101,1000,mantra,28.0,1,1,27,27.0,0.0,27,27,-1.0,-1.0
102,1000,mantra,29.0,1,1,26,26.0,0.0,26,26,-1.0,-1.0
103,1000,mantra,31.0,1,1,1,1.0,0.0,1,1,-1.0,-1.0
104,1000,mantra,32.0,1,1,6,6.0,0.0,6,6,-1.0,-1.0
105,1000,mantra,33.0,1,1,24,24.0,0.0,24,24,-1.0,-1.0
106,1000,mantra,42.0,1,1,20,20.0,0.0,20,20,-1.0,-1.0
107,1000,mantra,46.0,1,1,22,22.0,0.0,22,22,-1.0,-1.0
108,1000,mantra,47.0,1,1,18,18.0,0.0,18,18,-1.0,-1.0
109,1000,mantra,48.0,1,1,26,26.0,0.0,26,26,-1.0,-1.0
110,1000,messages,36.0,8,3,72,9.0,15.0,0,42,10791.0,14607.0
111,1000,messages,26.0,7,3,96,14.0,29.0,0,79,12910.0,15177.0
112,1000,messages,27.0,7,3,46,7.0,11.0,0,25,12590.0,15450.0
113,1000,messages,29.0,7,3,46,7.0,12.0,0,32,12600.0,15542.0
114,1000,messages,34.0,7,3,52,7.0,14.0,0,34,12690.0,15613.0
115,1000,messages,49.0,7,3,59,8.0,22.0,0,59,10650.0,16072.0
116,1000,messages,28.0,6,3,7,1.0,3.0,0,7,15120.0,16178.0
117,1000,messages,30.0,6,3,84,14.0,28.0,0,71,15108.0,16104.0
118,1000,messages,31.0,6,3,8,1.0,3.0,0,8,15120.0,16259.0
119,1000,messages,33.0,6,3,16,3.0,7.0,0,16,16068.0,15430.0
120,1000,messages,37.0,6,3,9,2.0,4.0,0,9,15120.0,16039.0
121,1000,messages,38.0,6,3,8,1.0,3.0,0,8,15108.0,16335.0
122,1000,messages,39.0,6,3,15,2.0,6.0,0,15,15132.0,16320.0
123,1000,messages,40.0,6,3,58,10.0,17.0,0,42,8628.0,4337.0
124,1000,messages,32.0,5,3,0,0.0,0.0,0,0,18900.0,16200.0
125,1000,messages,35.0,5,3,60,12.0,27.0,0,60,18900.0,16200.0
126,1000,messages,41.0,2,2,9,4.0,6.0,0,9,31620.0,-1.0
127,1000,messages,43.0,2,2,0,0.0,0.0,0,0,35040.0,-1.0
128,1000,messages,44.0,2,2,10,5.0,7.0,0,10,31620.0,-1.0
129,1000,messages,45.0,2,2,0,0.0,0.0,0,0,17820.0,-1.0
130,1000,messages,22.0,1,1,0,0.0,0.0,0,0,-1.0,-1.0
131,1000,messages,23.0,1,1,0,0.0,0.0,0,0,-1.0,-1.0
132,1000,messages,24.0,1,1,0,0.0,0.0,0,0,-1.0,-1.0
133,1000,messages,25.0,1,1,0,0.0,0.0,0,0,-1.0,-1.0
134,1000,messages,42.0,1,1,0,0.0,0.0,0,0,-1.0,-1.0
135,1000,messages,46.0,1,1,0,0.0,0.0,0,0,-1.0,-1.0
136,1000,messages,47.0,1,1,0,0.0,0.0,0,0,-1.0,-1.0
137,1000,messages,48.0,1,1,0,0.0,0.0,0,0,-1.0,-1.0
138,1000,moveme,40.0,2,1,88,44.0,17.0,32,56,120.0,-1.0
139,1000,moveme,42.0,2,1,39,20.0,25.0,2,37,540.0,-1.0
140,1000,moveme,33.0,1,1,78,78.0,0.0,78,78,-1.0,-1.0
141,1000,moveme,41.0,1,1,154,154.0,0.0,154,154,-1.0,-1.0
142,1000,moveme,43.0,1,1,6,6.0,0.0,6,6,-1.0,-1.0
143,1000,moveme,44.0,1,1,55,55.0,0.0,55,55,-1.0,-1.0
144,1000,moveme,45.0,1,1,6,6.0,0.0,6,6,-1.0,-1.0
145,1000,moveme,46.0,1,1,3,3.0,0.0,3,3,-1.0,-1.0
146,1000,moveme,47.0,1,1,7,7.0,0.0,7,7,-1.0,-1.0
147,1000,relax,11.0,5,1,242,48.0,59.0,0,145,630.0,312.0
148,1000,relax,21.0,5,3,83,17.0,14.0,1,38,13635.0,25752.0
149,1000,relax,34.0,5,1,101,20.0,15.0,0,35,20445.0,40530.0
150,1000,relax,19.0,4,1,46,12.0,17.0,0,36,300.0,60.0
151,1000,relax,25.0,4,3,106,26.0,25.0,8,62,10320.0,9554.0
152,1000,relax,39.0,4,2,49,12.0,11.0,1,27,22400.0,38538.0
153,1000,relax,13.0,3,1,134,45.0,38.0,1,72,360.0,170.0
154,1000,relax,15.0,3,1,83,28.0,32.0,1,63,1200.0,933.0
155,1000,relax,16.0,3,1,46,15.0,20.0,1,38,330.0,297.0
156,1000,relax,17.0,3,1,28,9.0,7.0,1,15,240.0,-1.0
157,1000,relax,18.0,3,1,28,9.0,7.0,1,14,390.0,212.0
158,1000,relax,20.0,3,1,33,11.0,10.0,0,19,780.0,424.0
159,1000,relax,26.0,3,1,35,12.0,19.0,0,34,540.0,85.0
160,1000,relax,27.0,3,1,26,9.0,8.0,0,16,270.0,42.0
161,1000,relax,28.0,3,1,25,8.0,8.0,0,15,360.0,255.0
162,1000,relax,29.0,3,1,23,8.0,7.0,0,12,180.0,-1.0
163,1000,relax,30.0,3,1,24,8.0,7.0,0,14,330.0,297.0
164,1000,relax,31.0,3,1,32,11.0,9.0,1,17,150.0,42.0
165,1000,relax,32.0,3,1,48,16.0,17.0,0,33,300.0,85.0
166,1000,relax,33.0,3,1,37,12.0,10.0,1,19,360.0,255.0
167,1000,relax,37.0,3,1,21,7.0,6.0,0,11,150.0,42.0
168,1000,relax,43.0,3,1,59,20.0,20.0,0,39,300.0,339.0
169,1000,relax,44.0,3,1,36,12.0,11.0,0,21,330.0,297.0
170,1000,relax,46.0,3,1,55,18.0,22.0,0,43,210.0,42.0
171,1000,relax,47.0,3,1,26,9.0,7.0,1,14,210.0,42.0
172,1000,relax,48.0,3,1,62,21.0,14.0,11,37,840.0,933.0
173,1000,relax,12.0,2,1,99,50.0,13.0,40,59,240.0,-1.0
174,1000,relax,14.0,2,1,14,7.0,8.0,1,13,780.0,-1.0
175,1000,relax,36.0,2,1,20,10.0,3.0,8,12,540.0,-1.0
176,1000,relax,38.0,2,2,20,10.0,1.0,9,11,180.0,-1.0
177,1000,relax,40.0,2,1,23,12.0,15.0,1,22,360.0,-1.0
178,1000,relax,41.0,2,1,24,12.0,4.0,9,15,480.0,-1.0
179,1000,relax,42.0,2,1,57,28.0,23.0,12,45,180.0,-1.0
180,1000,relax,45.0,2,1,28,14.0,3.0,12,16,120.0,-1.0
181,1000,relax,49.0,2,1,23,12.0,8.0,6,17,240.0,-1.0
182,1000,slumbertime,41.0,14,4,0,0.0,0.0,0,0,5358.0,6184.0
183,1000,slumbertime,43.0,13,4,0,0.0,0.0,0,0,5195.0,4141.0
184,1000,slumbertime,47.0,13,4,0,0.0,0.0,0,0,6615.0,7205.0
185,1000,slumbertime,45.0,12,4,0,0.0,0.0,0,0,7053.0,5127.0
186,1000,slumbertime,38.0,11,4,0,0.0,0.0,0,0,8208.0,5701.0
187,1000,slumbertime,6.0,9,2,255,28.0,27.0,5,87,7050.0,19431.0
188,1000,slumbertime,42.0,9,4,0,0.0,0.0,0,0,9098.0,8293.0
189,1000,slumbertime,35.0,8,4,0,0.0,0.0,0,0,10997.0,9761.0
190,1000,slumbertime,39.0,8,3,0,0.0,0.0,0,0,9429.0,9577.0
191,1000,slumbertime,46.0,8,3,0,0.0,0.0,0,0,10714.0,10198.0
192,1000,slumbertime,28.0,7,4,0,0.0,0.0,0,0,13510.0,9588.0
193,1000,slumbertime,27.0,5,3,0,0.0,0.0,0,0,16410.0,11489.0
194,1000,slumbertime,30.0,5,3,2,0.0,1.0,0,2,8985.0,2490.0
195,1000,slumbertime,32.0,5,4,0,0.0,0.0,0,0,14325.0,6811.0
196,1000,slumbertime,37.0,5,3,0,0.0,0.0,0,0,9810.0,8872.0
197,1000,slumbertime,40.0,5,3,0,0.0,0.0,0,0,21120.0,20317.0
198,1000,slumbertime,44.0,5,3,0,0.0,0.0,0,0,11190.0,13627.0
199,1000,slumbertime,48.0,5,2,0,0.0,0.0,0,0,7125.0,5185.0
200,1000,slumbertime,22.0,4,3,0,0.0,0.0,0,0,11920.0,6815.0
201,1000,slumbertime,23.0,4,2,0,0.0,0.0,0,0,27220.0,31716.0
202,1000,slumbertime,31.0,4,2,0,0.0,0.0,0,0,11220.0,9166.0
203,1000,slumbertime,33.0,4,2,0,0.0,0.0,0,0,11760.0,18150.0
204,1000,slumbertime,7.0,3,1,12,4.0,7.0,0,12,3180.0,1442.0
205,1000,slumbertime,9.0,3,2,0,0.0,0.0,0,0,13140.0,2036.0
206,1000,slumbertime,21.0,3,2,0,0.0,0.0,0,0,24960.0,14425.0
207,1000,slumbertime,24.0,3,1,0,0.0,0.0,0,0,10230.0,2843.0
208,1000,slumbertime,25.0,3,3,0,0.0,0.0,0,0,15660.0,6364.0
209,1000,slumbertime,34.0,3,2,0,0.0,0.0,0,0,10230.0,5728.0
210,1000,slumbertime,49.0,3,2,0,0.0,0.0,0,0,6150.0,8613.0
211,1000,slumbertime,12.0,2,2,0,0.0,0.0,0,0,37620.0,-1.0
212,1000,slumbertime,13.0,2,2,0,0.0,0.0,0,0,54900.0,-1.0
213,1000,slumbertime,17.0,2,2,0,0.0,0.0,0,0,63900.0,-1.0
214,1000,slumbertime,26.0,2,1,0,0.0,0.0,0,0,3000.0,-1.0
215,1000,slumbertime,36.0,2,2,0,0.0,0.0,0,0,30900.0,-1.0
216,1000,slumbertime,20.0,1,1,0,0.0,0.0,0,0,-1.0,-1.0
217,1000,slumbertime,29.0,1,1,0,0.0,0.0,0,0,-1.0,-1.0
218,1000,socialforce,6.0,1,1,29,29.0,0.0,29,29,-1.0,-1.0
219,1000,thoughtchallenger,18.0,2,1,31,16.0,9.0,9,22,240.0,-1.0
220,1000,thoughtchallenger,20.0,2,1,129,64.0,1.0,64,65,180.0,-1.0
221,1000,thoughtchallenger,21.0,2,2,25,12.0,15.0,2,23,54360.0,-1.0
222,1000,thoughtchallenger,34.0,2,2,18,9.0,1.0,8,10,56340.0,-1.0
223,1000,thoughtchallenger,42.0,2,1,45,22.0,11.0,15,30,240.0,-1.0
224,1000,thoughtchallenger,25.0,1,1,32,32.0,0.0,32,32,-1.0,-1.0
225,1000,thoughtchallenger,26.0,1,1,35,35.0,0.0,35,35,-1.0,-1.0
226,1000,thoughtchallenger,27.0,1,1,28,28.0,0.0,28,28,-1.0,-1.0
227,1000,thoughtchallenger,29.0,1,1,7,7.0,0.0,7,7,-1.0,-1.0
228,1000,thoughtchallenger,30.0,1,1,10,10.0,0.0,10,10,-1.0,-1.0
229,1000,thoughtchallenger,31.0,1,1,15,15.0,0.0,15,15,-1.0,-1.0
230,1000,thoughtchallenger,32.0,1,1,8,8.0,0.0,8,8,-1.0,-1.0
231,1000,thoughtchallenger,36.0,1,1,26,26.0,0.0,26,26,-1.0,-1.0
232,1000,thoughtchallenger,37.0,1,1,10,10.0,0.0,10,10,-1.0,-1.0
233,1000,thoughtchallenger,38.0,1,1,10,10.0,0.0,10,10,-1.0,-1.0
234,1000,thoughtchallenger,39.0,1,1,9,9.0,0.0,9,9,-1.0,-1.0
235,1000,thoughtchallenger,40.0,1,1,18,18.0,0.0,18,18,-1.0,-1.0
236,1000,thoughtchallenger,41.0,1,1,6,6.0,0.0,6,6,-1.0,-1.0
237,1000,thoughtchallenger,43.0,1,1,12,12.0,0.0,12,12,-1.0,-1.0
238,1000,thoughtchallenger,44.0,1,1,17,17.0,0.0,17,17,-1.0,-1.0
239,1000,thoughtchallenger,45.0,1,1,13,13.0,0.0,13,13,-1.0,-1.0
240,1000,worryknot,33.0,2,1,152,76.0,106.0,1,151,240.0,-1.0
241,1000,worryknot,35.0,2,1,78,39.0,7.0,34,44,120.0,-1.0
242,1000,worryknot,34.0,1,1,80,80.0,0.0,80,80,-1.0,-1.0
243,1000,worryknot,36.0,1,1,63,63.0,0.0,63,63,-1.0,-1.0
244,1000,worryknot,37.0,1,1,49,49.0,0.0,49,49,-1.0,-1.0
245,1000,worryknot,38.0,1,1,33,33.0,0.0,33,33,-1.0,-1.0
246,1000,worryknot,39.0,1,1,32,32.0,0.0,32,32,-1.0,-1.0
247,1000,worryknot,40.0,1,1,20,20.0,0.0,20,20,-1.0,-1.0
248,1000,worryknot,41.0,1,1,9,9.0,0.0,9,9,-1.0,-1.0
249,1000,worryknot,42.0,1,1,14,14.0,0.0,14,14,-1.0,-1.0
250,1000,worryknot,43.0,1,1,3,3.0,0.0,3,3,-1.0,-1.0
251,1005,dailyfeats,6.0,1,1,68,68.0,0.0,68,68,-1.0,-1.0
252,1005,dailyfeats,7.0,1,1,0,0.0,0.0,0,0,-1.0,-1.0
253,1005,dailyfeats,8.0,1,1,0,0.0,0.0,0,0,-1.0,-1.0
254,1005,icope,7.0,1,1,8,8.0,0.0,8,8,-1.0,-1.0
255,1005,mantra,7.0,1,1,93,93.0,0.0,93,93,-1.0,-1.0
256,1005,mantra,8.0,1,1,102,102.0,0.0,102,102,-1.0,-1.0
257,1005,mantra,19.0,1,1,22,22.0,0.0,22,22,-1.0,-1.0
258,1005,messages,7.0,5,3,159,32.0,54.0,0,125,10425.0,8276.0
259,1005,messages,9.0,3,3,190,63.0,110.0,0,190,21570.0,42.0
260,1005,messages,8.0,2,1,48,24.0,34.0,0,48,120.0,-1.0
261,1005,messages,10.0,1,1,0,0.0,0.0,0,0,-1.0,-1.0
262,1005,messages,17.0,1,1,0,0.0,0.0,0,0,-1.0,-1.0
263,1013,aspire,16.0,2,1,157,78.0,18.0,66,91,1200.0,-1.0
264,1013,aspire,17.0,1,1,169,169.0,0.0,169,169,-1.0,-1.0
265,1013,dailyfeats,9.0,3,2,283,94.0,81.0,4,159,8790.0,10479.0
266,1013,dailyfeats,10.0,2,1,0,0.0,0.0,0,0,120.0,-1.0
267,1013,dailyfeats,11.0,2,1,140,70.0,99.0,0,140,2640.0,-1.0
268,1013,dailyfeats,12.0,2,1,49,24.0,35.0,0,49,120.0,-1.0
269,1013,messages,17.0,4,2,73,18.0,36.0,0,73,7280.0,6097.0
270,1013,messages,16.0,1,1,83,83.0,0.0,83,83,-1.0,-1.0
271,1013,relax,10.0,3,2,269,90.0,6.0,83,94,8340.0,11370.0
272,1013,relax,9.0,1,1,34,34.0,0.0,34,34,-1.0,-1.0
273,1013,slumbertime,28.0,1,1,137,137.0,0.0,137,137,-1.0,-1.0
274,1014,aspire,25.0,3,2,178,59.0,93.0,0,166,9960.0,13407.0
275,1014,aspire,32.0,3,2,214,71.0,68.0,6,142,20520.0,28086.0
276,1014,aspire,27.0,2,1,156,78.0,69.0,29,127,4320.0,-1.0
277,1014,aspire,28.0,2,2,103,52.0,21.0,37,66,77940.0,-1.0
278,1014,aspire,38.0,2,1,277,138.0,36.0,113,164,1200.0,-1.0
279,1014,aspire,31.0,1,1,15,15.0,0.0,15,15,-1.0,-1.0
280,1014,aspire,36.0,1,1,153,153.0,0.0,153,153,-1.0,-1.0
281,1014,aspire,41.0,1,1,3,3.0,0.0,3,3,-1.0,-1.0
282,1014,boostme,9.0,6,2,494,82.0,24.0,42,111,8112.0,17502.0
283,1014,boostme,27.0,5,2,242,48.0,48.0,4,124,3240.0,2788.0
284,1014,boostme,38.0,5,2,214,43.0,35.0,9,81,3900.0,4858.0
285,1014,boostme,14.0,3,2,115,38.0,37.0,14,81,7140.0,9928.0
286,1014,boostme,15.0,3,2,275,92.0,76.0,11,162,32490.0,45778.0
287,1014,boostme,28.0,3,2,106,35.0,42.0,2,82,8160.0,11370.0
288,1014,boostme,12.0,2,1,27,14.0,9.0,7,20,120.0,-1.0
289,1014,boostme,16.0,2,1,143,72.0,15.0,61,82,180.0,-1.0
290,1014,boostme,19.0,2,2,16,8.0,8.0,2,14,5940.0,-1.0
291,1014,boostme,21.0,2,2,139,70.0,91.0,5,134,62280.0,-1.0
292,1014,boostme,22.0,2,2,218,109.0,27.0,90,128,61320.0,-1.0
293,1014,boostme,23.0,2,1,201,100.0,64.0,55,146,480.0,-1.0
294,1014,boostme,24.0,2,2,251,126.0,84.0,66,185,4620.0,-1.0
295,1014,boostme,32.0,2,2,235,118.0,25.0,100,135,43800.0,-1.0
296,1014,boostme,36.0,2,1,277,138.0,43.0,108,169,240.0,-1.0
297,1014,boostme,39.0,2,2,242,121.0,48.0,87,155,1920.0,-1.0
298,1014,boostme,45.0,2,2,120,60.0,74.0,8,112,51600.0,-1.0
299,1014,boostme,6.0,1,1,177,177.0,0.0,177,177,-1.0,-1.0
300,1014,boostme,7.0,1,1,185,185.0,0.0,185,185,-1.0,-1.0
301,1014,boostme,10.0,1,1,5,5.0,0.0,5,5,-1.0,-1.0
302,1014,boostme,11.0,1,1,133,133.0,0.0,133,133,-1.0,-1.0
303,1014,boostme,17.0,1,1,4,4.0,0.0,4,4,-1.0,-1.0
304,1014,boostme,18.0,1,1,133,133.0,0.0,133,133,-1.0,-1.0
305,1014,boostme,30.0,1,1,70,70.0,0.0,70,70,-1.0,-1.0
306,1014,boostme,35.0,1,1,2,2.0,0.0,2,2,-1.0,-1.0
307,1014,boostme,40.0,1,1,28,28.0,0.0,28,28,-1.0,-1.0
308,1014,boostme,41.0,1,1,70,70.0,0.0,70,70,-1.0,-1.0
309,1014,boostme,47.0,1,1,102,102.0,0.0,102,102,-1.0,-1.0
310,1014,boostme,48.0,1,1,72,72.0,0.0,72,72,-1.0,-1.0
311,1014,dailyfeats,1.0,6,2,439,73.0,56.0,0,138,12900.0,28476.0
312,1014,dailyfeats,15.0,5,2,148,30.0,37.0,0,90,13995.0,24505.0
313,1014,dailyfeats,17.0,5,2,142,28.0,36.0,0,90,20985.0,28834.0
314,1014,dailyfeats,21.0,5,3,206,41.0,51.0,0,99,18990.0,14643.0
315,1014,dailyfeats,2.0,4,2,394,98.0,89.0,13,180,24480.0,36548.0
316,1014,dailyfeats,10.0,4,2,167,42.0,59.0,0,127,18420.0,21768.0
317,1014,dailyfeats,12.0,4,3,177,44.0,84.0,0,170,22900.0,28679.0
318,1014,dailyfeats,19.0,4,3,129,32.0,35.0,2,74,22920.0,34568.0
319,1014,dailyfeats,32.0,4,2,273,68.0,79.0,0,139,15040.0,25582.0
320,1014,dailyfeats,7.0,3,1,127,42.0,73.0,0,127,750.0,212.0
321,1014,dailyfeats,8.0,3,1,100,33.0,53.0,2,95,600.0,594.0
322,1014,dailyfeats,13.0,3,2,4,1.0,2.0,0,4,26460.0,34875.0
323,1014,dailyfeats,16.0,3,3,102,34.0,14.0,23,50,27780.0,15358.0
324,1014,dailyfeats,20.0,3,2,57,19.0,18.0,0,35,35040.0,46924.0
325,1014,dailyfeats,22.0,3,2,91,30.0,27.0,0,50,32820.0,41408.0
326,1014,dailyfeats,23.0,3,3,65,22.0,20.0,0,38,27330.0,15231.0
327,1014,dailyfeats,25.0,3,3,163,54.0,11.0,42,61,28560.0,13407.0
328,1014,dailyfeats,26.0,3,2,114,38.0,34.0,0,64,27930.0,29911.0
329,1014,dailyfeats,28.0,3,2,152,51.0,45.0,0,85,37740.0,44208.0
330,1014,dailyfeats,33.0,3,3,227,76.0,70.0,0,138,38550.0,21595.0
331,1014,dailyfeats,41.0,3,2,314,105.0,93.0,3,185,37470.0,51463.0
332,1014,dailyfeats,42.0,3,2,130,43.0,43.0,2,87,32490.0,45608.0
333,1014,dailyfeats,45.0,3,2,185,62.0,40.0,16,91,25830.0,36444.0
334,1014,dailyfeats,4.0,2,2,0,0.0,0.0,0,0,75120.0,-1.0
335,1014,dailyfeats,5.0,2,2,61,30.0,43.0,0,61,66900.0,-1.0
336,1014,dailyfeats,9.0,2,2,68,34.0,48.0,0,68,16860.0,-1.0
337,1014,dailyfeats,14.0,2,2,130,65.0,49.0,30,100,51600.0,-1.0
338,1014,dailyfeats,18.0,2,2,92,46.0,6.0,42,50,58980.0,-1.0
339,1014,dailyfeats,24.0,2,2,0,0.0,0.0,0,0,8640.0,-1.0
340,1014,dailyfeats,27.0,2,2,78,39.0,55.0,0,78,62580.0,-1.0
341,1014,dailyfeats,29.0,2,2,3,2.0,2.0,0,3,7260.0,-1.0
342,1014,dailyfeats,31.0,2,2,135,68.0,95.0,0,135,57180.0,-1.0
343,1014,dailyfeats,34.0,2,1,124,62.0,88.0,0,124,14880.0,-1.0
344,1014,dailyfeats,36.0,2,2,130,65.0,24.0,48,82,69060.0,-1.0
345,1014,dailyfeats,43.0,2,1,87,44.0,36.0,18,69,1620.0,-1.0
346,1014,dailyfeats,6.0,1,1,0,0.0,0.0,0,0,-1.0,-1.0
347,1014,dailyfeats,11.0,1,1,0,0.0,0.0,0,0,-1.0,-1.0
348,1014,dailyfeats,30.0,1,1,93,93.0,0.0,93,93,-1.0,-1.0
349,1014,dailyfeats,35.0,1,1,0,0.0,0.0,0,0,-1.0,-1.0
350,1014,dailyfeats,37.0,1,1,0,0.0,0.0,0,0,-1.0,-1.0
351,1014,dailyfeats,39.0,1,1,0,0.0,0.0,0,0,-1.0,-1.0
352,1014,dailyfeats,44.0,1,1,8,8.0,0.0,8,8,-1.0,-1.0
353,1014,dailyfeats,49.0,1,1,0,0.0,0.0,0,0,-1.0,-1.0
354,1014,mantra,27.0,2,1,3,2.0,1.0,1,2,6480.0,-1.0
355,1014,mantra,28.0,2,1,9,4.0,2.0,3,6,120.0,-1.0
356,1014,mantra,22.0,1,1,59,59.0,0.0,59,59,-1.0,-1.0
357,1014,mantra,23.0,1,1,6,6.0,0.0,6,6,-1.0,-1.0
358,1014,mantra,25.0,1,1,7,7.0,0.0,7,7,-1.0,-1.0
359,1014,mantra,26.0,1,1,6,6.0,0.0,6,6,-1.0,-1.0
360,1014,mantra,36.0,1,1,35,35.0,0.0,35,35,-1.0,-1.0
361,1014,mantra,45.0,1,1,3,3.0,0.0,3,3,-1.0,-1.0
362,1014,messages,29.0,7,3,145,21.0,55.0,0,145,13330.0,21538.0
363,1014,messages,31.0,7,3,209,30.0,54.0,0,135,12600.0,15523.0
364,1014,messages,34.0,7,3,81,12.0,31.0,0,81,12450.0,15784.0
365,1014,messages,30.0,6,3,0,0.0,0.0,0,0,16008.0,15613.0
366,1014,messages,32.0,6,4,0,0.0,0.0,0,0,13176.0,15730.0
367,1014,messages,36.0,6,3,54,9.0,22.0,0,54,15744.0,15727.0
368,1014,messages,45.0,5,2,277,55.0,58.0,0,136,12660.0,24761.0
369,1014,messages,35.0,4,3,87,22.0,27.0,0,57,23760.0,25585.0
370,1014,messages,37.0,4,3,0,0.0,0.0,0,0,19640.0,15676.0
371,1014,messages,38.0,4,2,69,17.0,27.0,0,56,6840.0,8686.0
372,1014,messages,33.0,3,3,0,0.0,0.0,0,0,38550.0,24310.0
373,1014,messages,39.0,2,2,46,23.0,33.0,0,46,4740.0,-1.0
374,1014,messages,42.0,2,1,93,46.0,66.0,0,93,9600.0,-1.0
375,1014,messages,41.0,1,1,29,29.0,0.0,29,29,-1.0,-1.0
376,1014,messages,43.0,1,1,11,11.0,0.0,11,11,-1.0,-1.0
377,1014,messages,44.0,1,1,17,17.0,0.0,17,17,-1.0,-1.0
378,1014,relax,5.0,2,1,35,18.0,25.0,0,35,120.0,-1.0
379,1014,relax,7.0,2,1,39,20.0,12.0,11,28,120.0,-1.0
380,1014,relax,15.0,2,1,14,7.0,8.0,1,13,60.0,-1.0
381,1014,relax,6.0,1,1,3,3.0,0.0,3,3,-1.0,-1.0
382,1014,relax,9.0,1,1,18,18.0,0.0,18,18,-1.0,-1.0
383,1014,relax,10.0,1,1,74,74.0,0.0,74,74,-1.0,-1.0
384,1014,relax,13.0,1,1,9,9.0,0.0,9,9,-1.0,-1.0
385,1014,relax,16.0,1,1,0,0.0,0.0,0,0,-1.0,-1.0
386,1014,relax,19.0,1,1,41,41.0,0.0,41,41,-1.0,-1.0
387,1014,relax,21.0,1,1,51,51.0,0.0,51,51,-1.0,-1.0
388,1014,relax,24.0,1,1,13,13.0,0.0,13,13,-1.0,-1.0
389,1014,relax,31.0,1,1,24,24.0,0.0,24,24,-1.0,-1.0
390,1014,relax,45.0,1,1,4,4.0,0.0,4,4,-1.0,-1.0
391,1014,socialforce,22.0,3,1,0,0.0,0.0,0,0,90.0,42.0
392,1014,socialforce,23.0,3,2,87,29.0,35.0,2,69,41550.0,28723.0
393,1014,socialforce,25.0,3,2,62,21.0,25.0,2,49,11370.0,11158.0
394,1014,socialforce,27.0,3,2,8,3.0,1.0,2,4,8370.0,2588.0
395,1014,socialforce,28.0,2,2,45,22.0,29.0,2,43,77880.0,-1.0
396,1014,socialforce,34.0,1,1,3,3.0,0.0,3,3,-1.0,-1.0
397,1014,socialforce,35.0,1,1,3,3.0,0.0,3,3,-1.0,-1.0
398,1014,thoughtchallenger,23.0,7,2,98,14.0,14.0,2,33,10580.0,25240.0
399,1014,thoughtchallenger,8.0,6,2,262,44.0,44.0,0,116,14304.0,31315.0
400,1014,thoughtchallenger,10.0,6,1,249,42.0,26.0,13,74,1752.0,3382.0
401,1014,thoughtchallenger,17.0,5,1,142,28.0,23.0,0,55,975.0,1472.0
402,1014,thoughtchallenger,29.0,5,2,55,11.0,13.0,2,32,2925.0,3864.0
403,1014,thoughtchallenger,45.0,5,2,23,5.0,3.0,2,8,12630.0,24101.0
404,1014,thoughtchallenger,14.0,4,2,30,8.0,8.0,3,19,5120.0,7994.0
405,1014,thoughtchallenger,27.0,4,1,198,50.0,50.0,4,118,2240.0,1646.0
406,1014,thoughtchallenger,19.0,3,1,32,11.0,13.0,2,25,330.0,42.0
407,1014,thoughtchallenger,22.0,3,1,97,32.0,25.0,3,47,420.0,85.0
408,1014,thoughtchallenger,24.0,3,2,53,18.0,13.0,7,32,42060.0,53457.0
409,1014,thoughtchallenger,30.0,3,1,21,7.0,4.0,4,11,120.0,85.0
410,1014,thoughtchallenger,41.0,3,3,100,33.0,15.0,20,49,37380.0,36402.0
411,1014,thoughtchallenger,6.0,2,1,146,73.0,75.0,20,126,60.0,-1.0
412,1014,thoughtchallenger,16.0,2,1,42,21.0,1.0,20,22,420.0,-1.0
413,1014,thoughtchallenger,20.0,2,1,20,10.0,4.0,7,13,480.0,-1.0
414,1014,thoughtchallenger,26.0,2,1,32,16.0,17.0,4,28,480.0,-1.0
415,1014,thoughtchallenger,28.0,2,2,6,3.0,0.0,3,3,78000.0,-1.0
416,1014,thoughtchallenger,32.0,2,2,29,14.0,11.0,7,22,300.0,-1.0
417,1014,thoughtchallenger,39.0,2,1,7,4.0,1.0,3,4,420.0,-1.0
418,1014,thoughtchallenger,7.0,1,1,43,43.0,0.0,43,43,-1.0,-1.0
419,1014,thoughtchallenger,9.0,1,1,12,12.0,0.0,12,12,-1.0,-1.0
420,1014,thoughtchallenger,13.0,1,1,3,3.0,0.0,3,3,-1.0,-1.0
421,1014,thoughtchallenger,15.0,1,1,46,46.0,0.0,46,46,-1.0,-1.0
422,1014,thoughtchallenger,18.0,1,1,5,5.0,0.0,5,5,-1.0,-1.0
423,1014,thoughtchallenger,33.0,1,1,16,16.0,0.0,16,16,-1.0,-1.0
424,1014,thoughtchallenger,36.0,1,1,30,30.0,0.0,30,30,-1.0,-1.0
425,1014,thoughtchallenger,38.0,1,1,19,19.0,0.0,19,19,-1.0,-1.0
426,1014,thoughtchallenger,43.0,1,1,5,5.0,0.0,5,5,-1.0,-1.0
427,1014,worryknot,17.0,8,1,378,47.0,68.0,0,147,1157.0,2586.0
428,1014,worryknot,20.0,3,1,49,16.0,16.0,4,35,180.0,170.0
429,1014,worryknot,27.0,2,1,101,50.0,8.0,45,56,6540.0,-1.0
430,1014,worryknot,45.0,2,1,30,15.0,14.0,5,25,600.0,-1.0
431,1014,worryknot,18.0,1,1,121,121.0,0.0,121,121,-1.0,-1.0
432,1014,worryknot,19.0,1,1,22,22.0,0.0,22,22,-1.0,-1.0
433,1014,worryknot,23.0,1,1,177,177.0,0.0,177,177,-1.0,-1.0
434,1014,worryknot,25.0,1,1,88,88.0,0.0,88,88,-1.0,-1.0
435,1014,worryknot,28.0,1,1,48,48.0,0.0,48,48,-1.0,-1.0
436,1014,worryknot,33.0,1,1,3,3.0,0.0,3,3,-1.0,-1.0
437,1014,worryknot,39.0,1,1,4,4.0,0.0,4,4,-1.0,-1.0
438,1014,worryknot,49.0,1,1,89,89.0,0.0,89,89,-1.0,-1.0
439,1022,messages,21.0,9,3,79,9.0,26.0,0,79,8512.0,14748.0
440,1022,messages,25.0,8,3,127,16.0,29.0,0,68,9866.0,15469.0
441,1022,messages,31.0,7,3,74,11.0,28.0,0,74,13650.0,15576.0
442,1022,messages,26.0,5,3,0,0.0,0.0,0,0,18900.0,16360.0
443,1022,messages,27.0,5,3,0,0.0,0.0,0,0,18840.0,16080.0
444,1022,messages,28.0,5,3,0,0.0,0.0,0,0,18840.0,16240.0
445,1022,messages,29.0,5,3,0,0.0,0.0,0,0,19020.0,16444.0
446,1022,messages,32.0,5,3,0,0.0,0.0,0,0,18780.0,16282.0
447,1022,messages,30.0,4,3,0,0.0,0.0,0,0,23600.0,22950.0
448,1022,messages,22.0,2,2,0,0.0,0.0,0,0,10620.0,-1.0
449,1022,messages,33.0,2,2,0,0.0,0.0,0,0,10800.0,-1.0
450,1022,messages,8.0,1,1,0,0.0,0.0,0,0,-1.0,-1.0
451,1022,messages,9.0,1,1,0,0.0,0.0,0,0,-1.0,-1.0
452,1022,messages,10.0,1,1,0,0.0,0.0,0,0,-1.0,-1.0
453,1022,messages,14.0,1,1,0,0.0,0.0,0,0,-1.0,-1.0
454,1022,messages,19.0,1,1,0,0.0,0.0,0,0,-1.0,-1.0
455,1022,messages,20.0,1,1,0,0.0,0.0,0,0,-1.0,-1.0
456,1022,slumbertime,8.0,3,1,87,29.0,44.0,0,80,180.0,170.0
457,1022,slumbertime,21.0,3,2,160,53.0,91.0,0,158,25170.0,35511.0
458,1022,slumbertime,7.0,2,1,35,18.0,25.0,0,35,120.0,-1.0
459,1022,slumbertime,31.0,1,1,0,0.0,0.0,0,0,-1.0,-1.0
460,1024,boostme,33.0,3,1,7,2.0,4.0,0,7,1590.0,2079.0
461,1024,boostme,10.0,2,1,3,2.0,2.0,0,3,120.0,-1.0
462,1024,boostme,13.0,1,1,0,0.0,0.0,0,0,-1.0,-1.0
463,1024,boostme,15.0,1,1,51,51.0,0.0,51,51,-1.0,-1.0
464,1024,boostme,18.0,1,1,10,10.0,0.0,10,10,-1.0,-1.0
465,1024,boostme,34.0,1,1,9,9.0,0.0,9,9,-1.0,-1.0
466,1024,boostme,40.0,1,1,4,4.0,0.0,4,4,-1.0,-1.0
467,1024,dailyfeats,25.0,3,2,53,18.0,26.0,0,48,30840.0,41832.0
468,1024,dailyfeats,20.0,2,2,36,18.0,25.0,0,36,59940.0,-1.0
469,1024,dailyfeats,21.0,2,2,66,33.0,18.0,20,46,43380.0,-1.0
470,1024,dailyfeats,22.0,2,1,0,0.0,0.0,0,0,960.0,-1.0
471,1024,dailyfeats,24.0,2,1,24,12.0,17.0,0,24,180.0,-1.0
472,1024,dailyfeats,26.0,2,1,39,20.0,28.0,0,39,420.0,-1.0
473,1024,dailyfeats,27.0,2,1,48,24.0,34.0,0,48,300.0,-1.0
474,1024,dailyfeats,28.0,2,2,22,11.0,16.0,0,22,5580.0,-1.0
475,1024,dailyfeats,40.0,2,1,2,1.0,1.0,0,2,3300.0,-1.0
476,1024,dailyfeats,19.0,1,1,125,125.0,0.0,125,125,-1.0,-1.0
477,1024,dailyfeats,23.0,1,1,32,32.0,0.0,32,32,-1.0,-1.0
478,1024,dailyfeats,29.0,1,1,30,30.0,0.0,30,30,-1.0,-1.0
479,1024,dailyfeats,30.0,1,1,0,0.0,0.0,0,0,-1.0,-1.0
480,1024,dailyfeats,31.0,1,1,0,0.0,0.0,0,0,-1.0,-1.0
481,1024,dailyfeats,32.0,1,1,0,0.0,0.0,0,0,-1.0,-1.0
482,1024,dailyfeats,33.0,1,1,0,0.0,0.0,0,0,-1.0,-1.0
483,1024,dailyfeats,34.0,1,1,0,0.0,0.0,0,0,-1.0,-1.0
484,1024,dailyfeats,35.0,1,1,0,0.0,0.0,0,0,-1.0,-1.0
485,1024,dailyfeats,36.0,1,1,0,0.0,0.0,0,0,-1.0,-1.0
486,1024,dailyfeats,37.0,1,1,0,0.0,0.0,0,0,-1.0,-1.0
487,1024,dailyfeats,38.0,1,1,0,0.0,0.0,0,0,-1.0,-1.0
488,1024,dailyfeats,39.0,1,1,0,0.0,0.0,0,0,-1.0,-1.0
489,1024,dailyfeats,41.0,1,1,0,0.0,0.0,0,0,-1.0,-1.0
490,1024,dailyfeats,42.0,1,1,0,0.0,0.0,0,0,-1.0,-1.0
491,1024,dailyfeats,43.0,1,1,0,0.0,0.0,0,0,-1.0,-1.0
492,1024,dailyfeats,44.0,1,1,0,0.0,0.0,0,0,-1.0,-1.0
493,1024,dailyfeats,45.0,1,1,0,0.0,0.0,0,0,-1.0,-1.0
494,1024,dailyfeats,46.0,1,1,0,0.0,0.0,0,0,-1.0,-1.0
495,1024,dailyfeats,47.0,1,1,0,0.0,0.0,0,0,-1.0,-1.0
496,1024,dailyfeats,48.0,1,1,0,0.0,0.0,0,0,-1.0,-1.0
497,1024,dailyfeats,49.0,1,1,0,0.0,0.0,0,0,-1.0,-1.0
498,1024,icope,31.0,2,2,14,7.0,3.0,5,9,67740.0,-1.0
499,1024,icope,20.0,1,1,88,88.0,0.0,88,88,-1.0,-1.0
500,1024,icope,21.0,1,1,40,40.0,0.0,40,40,-1.0,-1.0
501,1024,icope,23.0,1,1,13,13.0,0.0,13,13,-1.0,-1.0
502,1024,icope,30.0,1,1,9,9.0,0.0,9,9,-1.0,-1.0
503,1024,mantra,41.0,2,1,5,2.0,4.0,0,5,60.0,-1.0
504,1024,mantra,33.0,1,1,45,45.0,0.0,45,45,-1.0,-1.0
505,1024,mantra,35.0,1,1,5,5.0,0.0,5,5,-1.0,-1.0
506,1024,mantra,44.0,1,1,0,0.0,0.0,0,0,-1.0,-1.0
507,1024,messages,40.0,1,1,0,0.0,0.0,0,0,-1.0,-1.0
508,1024,messages,41.0,1,1,15,15.0,0.0,15,15,-1.0,-1.0
509,1024,messages,42.0,1,1,0,0.0,0.0,0,0,-1.0,-1.0
510,1024,messages,43.0,1,1,0,0.0,0.0,0,0,-1.0,-1.0
511,1024,messages,45.0,1,1,0,0.0,0.0,0,0,-1.0,-1.0
512,1024,messages,46.0,1,1,0,0.0,0.0,0,0,-1.0,-1.0
513,1024,messages,47.0,1,1,0,0.0,0.0,0,0,-1.0,-1.0
514,1024,messages,48.0,1,1,0,0.0,0.0,0,0,-1.0,-1.0
515,1024,messages,49.0,1,1,0,0.0,0.0,0,0,-1.0,-1.0
516,1024,moveme,26.0,1,1,39,39.0,0.0,39,39,-1.0,-1.0
517,1024,moveme,27.0,1,1,10,10.0,0.0,10,10,-1.0,-1.0
518,1024,moveme,28.0,1,1,6,6.0,0.0,6,6,-1.0,-1.0
519,1024,relax,31.0,10,2,537,54.0,43.0,12,133,7720.0,22553.0
520,1024,relax,30.0,4,2,151,38.0,43.0,0,78,15040.0,22593.0
521,1024,relax,37.0,2,1,11,6.0,8.0,0,11,120.0,-1.0
522,1024,relax,26.0,1,1,32,32.0,0.0,32,32,-1.0,-1.0
523,1024,relax,27.0,1,1,48,48.0,0.0,48,48,-1.0,-1.0
524,1024,relax,28.0,1,1,138,138.0,0.0,138,138,-1.0,-1.0
525,1024,slumbertime,43.0,3,2,6,2.0,3.0,0,6,8430.0,1230.0
526,1024,slumbertime,35.0,2,1,0,0.0,0.0,0,0,960.0,-1.0
527,1024,slumbertime,33.0,1,1,105,105.0,0.0,105,105,-1.0,-1.0
528,1024,slumbertime,44.0,1,1,0,0.0,0.0,0,0,-1.0,-1.0
529,1024,thoughtchallenger,40.0,1,1,12,12.0,0.0,12,12,-1.0,-1.0
530,1024,worryknot,13.0,1,1,32,32.0,0.0,32,32,-1.0,-1.0
531,1024,worryknot,17.0,1,1,30,30.0,0.0,30,30,-1.0,-1.0
532,1024,worryknot,20.0,1,1,15,15.0,0.0,15,15,-1.0,-1.0
533,1024,worryknot,25.0,1,1,13,13.0,0.0,13,13,-1.0,-1.0
534,1024,worryknot,27.0,1,1,28,28.0,0.0,28,28,-1.0,-1.0
535,1024,worryknot,31.0,1,1,5,5.0,0.0,5,5,-1.0,-1.0
536,1024,worryknot,40.0,1,1,20,20.0,0.0,20,20,-1.0,-1.0
537,1025,mantra,42.0,1,1,18,18.0,0.0,18,18,-1.0,-1.0
538,1025,mantra,47.0,1,1,26,26.0,0.0,26,26,-1.0,-1.0
539,1025,relax,2.0,5,1,93,19.0,13.0,0,34,195.0,150.0
540,1025,relax,37.0,3,1,181,60.0,20.0,40,79,270.0,127.0
541,1025,relax,41.0,3,1,48,16.0,4.0,13,21,120.0,-1.0
542,1025,relax,42.0,3,1,86,29.0,25.0,0,45,120.0,-1.0
543,1025,relax,10.0,1,1,26,26.0,0.0,26,26,-1.0,-1.0
544,1025,relax,16.0,1,1,13,13.0,0.0,13,13,-1.0,-1.0
545,1027,aspire,11.0,3,1,6,2.0,3.0,0,5,840.0,170.0
546,1027,aspire,32.0,3,2,6,2.0,3.0,0,6,690.0,806.0
547,1027,aspire,27.0,2,1,129,64.0,5.0,61,68,240.0,-1.0
548,1027,aspire,48.0,2,1,163,82.0,49.0,47,116,240.0,-1.0
549,1027,aspire,13.0,1,1,2,2.0,0.0,2,2,-1.0,-1.0
550,1027,aspire,14.0,1,1,37,37.0,0.0,37,37,-1.0,-1.0
551,1027,aspire,15.0,1,1,22,22.0,0.0,22,22,-1.0,-1.0
552,1027,aspire,19.0,1,1,51,51.0,0.0,51,51,-1.0,-1.0
553,1027,aspire,28.0,1,1,1,1.0,0.0,1,1,-1.0,-1.0
554,1027,boostme,7.0,2,1,184,92.0,105.0,18,166,120.0,-1.0
555,1027,boostme,11.0,2,1,261,130.0,70.0,81,180,5760.0,-1.0
556,1027,boostme,6.0,1,1,108,108.0,0.0,108,108,-1.0,-1.0
557,1027,boostme,8.0,1,1,40,40.0,0.0,40,40,-1.0,-1.0
558,1027,dailyfeats,13.0,1,1,90,90.0,0.0,90,90,-1.0,-1.0
559,1027,dailyfeats,14.0,1,1,94,94.0,0.0,94,94,-1.0,-1.0
560,1027,dailyfeats,20.0,1,1,53,53.0,0.0,53,53,-1.0,-1.0
561,1027,dailyfeats,29.0,1,1,122,122.0,0.0,122,122,-1.0,-1.0
562,1027,icope,20.0,3,1,160,53.0,66.0,6,129,270.0,297.0
563,1027,icope,8.0,1,1,54,54.0,0.0,54,54,-1.0,-1.0
564,1027,icope,11.0,1,1,170,170.0,0.0,170,170,-1.0,-1.0
565,1027,icope,14.0,1,1,161,161.0,0.0,161,161,-1.0,-1.0
566,1027,icope,15.0,1,1,18,18.0,0.0,18,18,-1.0,-1.0
567,1027,icope,44.0,1,1,2,2.0,0.0,2,2,-1.0,-1.0
568,1027,mantra,8.0,1,1,16,16.0,0.0,16,16,-1.0,-1.0
569,1027,mantra,20.0,1,1,53,53.0,0.0,53,53,-1.0,-1.0
570,1027,mantra,32.0,1,1,18,18.0,0.0,18,18,-1.0,-1.0
571,1027,messages,8.0,2,2,166,83.0,21.0,68,98,17280.0,-1.0
572,1027,messages,29.0,2,1,0,0.0,0.0,0,0,5520.0,-1.0
573,1027,messages,11.0,1,1,6,6.0,0.0,6,6,-1.0,-1.0
574,1027,messages,14.0,1,1,67,67.0,0.0,67,67,-1.0,-1.0
575,1027,messages,20.0,1,1,80,80.0,0.0,80,80,-1.0,-1.0
576,1027,messages,32.0,1,1,0,0.0,0.0,0,0,-1.0,-1.0
577,1027,messages,44.0,1,1,13,13.0,0.0,13,13,-1.0,-1.0
578,1027,moveme,14.0,2,1,213,106.0,28.0,87,126,240.0,-1.0
579,1027,moveme,20.0,1,1,4,4.0,0.0,4,4,-1.0,-1.0
580,1027,relax,38.0,4,1,34,8.0,13.0,0,27,300.0,262.0
581,1027,relax,11.0,3,1,96,32.0,15.0,18,47,90.0,42.0
582,1027,relax,44.0,2,1,48,24.0,4.0,21,27,120.0,-1.0
583,1027,relax,8.0,1,1,0,0.0,0.0,0,0,-1.0,-1.0
584,1027,relax,15.0,1,1,32,32.0,0.0,32,32,-1.0,-1.0
585,1027,relax,20.0,1,1,6,6.0,0.0,6,6,-1.0,-1.0
586,1027,relax,23.0,1,1,30,30.0,0.0,30,30,-1.0,-1.0
587,1027,slumbertime,13.0,2,1,36,18.0,18.0,5,31,120.0,-1.0
588,1027,slumbertime,14.0,1,1,21,21.0,0.0,21,21,-1.0,-1.0
589,1027,slumbertime,23.0,1,1,103,103.0,0.0,103,103,-1.0,-1.0
590,1027,slumbertime,32.0,1,1,6,6.0,0.0,6,6,-1.0,-1.0
591,1027,thoughtchallenger,20.0,2,1,132,66.0,69.0,17,115,60.0,-1.0
592,1027,thoughtchallenger,27.0,1,1,65,65.0,0.0,65,65,-1.0,-1.0
593,1027,worryknot,8.0,1,1,15,15.0,0.0,15,15,-1.0,-1.0
594,1027,worryknot,37.0,1,1,4,4.0,0.0,4,4,-1.0,-1.0
595,1029,dailyfeats,-3.0,3,2,122,41.0,43.0,0,86,16680.0,18668.0
596,1029,dailyfeats,-1.0,3,1,71,24.0,21.0,0,39,8880.0,12389.0
597,1029,dailyfeats,0.0,3,2,30,10.0,17.0,0,30,20100.0,18243.0
598,1029,dailyfeats,1.0,3,2,67,22.0,34.0,0,62,5760.0,7806.0
599,1029,dailyfeats,-2.0,2,1,18,9.0,13.0,0,18,2220.0,-1.0
600,1029,dailyfeats,2.0,2,2,72,36.0,51.0,0,72,9300.0,-1.0
601,1029,icope,2.0,8,3,424,53.0,54.0,3,143,4457.0,8915.0
602,1029,mantra,9.0,3,2,275,92.0,92.0,5,188,21210.0,19219.0
603,1029,mantra,10.0,1,1,101,101.0,0.0,101,101,-1.0,-1.0
604,1029,moveme,10.0,1,1,4,4.0,0.0,4,4,-1.0,-1.0
605,1029,moveme,11.0,1,1,45,45.0,0.0,45,45,-1.0,-1.0
606,1029,relax,3.0,15,2,352,23.0,27.0,0,82,2554.0,7049.0
607,1029,relax,4.0,15,3,445,30.0,25.0,0,92,2983.0,6951.0
608,1029,relax,5.0,6,2,119,20.0,23.0,0,55,1116.0,2064.0
609,1029,relax,10.0,5,1,156,31.0,28.0,3,68,225.0,172.0
610,1029,relax,8.0,4,1,75,19.0,15.0,0,34,340.0,211.0
611,1029,relax,2.0,3,1,115,38.0,51.0,0,96,1500.0,1697.0
612,1029,relax,9.0,2,2,43,22.0,8.0,16,27,38580.0,-1.0
613,1029,relax,6.0,1,1,9,9.0,0.0,9,9,-1.0,-1.0
614,1029,relax,7.0,1,1,25,25.0,0.0,25,25,-1.0,-1.0
615,1029,thoughtchallenger,2.0,6,2,129,22.0,27.0,2,74,6216.0,13263.0
616,1029,thoughtchallenger,1.0,3,1,180,60.0,7.0,56,68,360.0,170.0
617,1029,worryknot,4.0,6,1,269,45.0,35.0,5,88,1176.0,2261.0
618,1029,worryknot,6.0,6,1,130,22.0,26.0,0,68,120.0,42.0
619,1029,worryknot,8.0,5,1,247,49.0,68.0,0,163,2115.0,2118.0
620,1029,worryknot,7.0,4,1,190,48.0,75.0,0,159,180.0,104.0
621,1029,worryknot,3.0,2,2,60,30.0,20.0,16,44,240.0,-1.0
622,1029,worryknot,2.0,1,1,0,0.0,0.0,0,0,-1.0,-1.0
623,1029,worryknot,9.0,1,1,2,2.0,0.0,2,2,-1.0,-1.0
624,1035,aspire,30.0,1,1,6,6.0,0.0,6,6,-1.0,-1.0
625,1035,boostme,37.0,3,1,216,72.0,82.0,0,161,240.0,85.0
626,1035,dailyfeats,20.0,2,2,0,0.0,0.0,0,0,78840.0,-1.0
627,1035,dailyfeats,28.0,2,1,0,0.0,0.0,0,0,80100.0,-1.0
628,1035,dailyfeats,30.0,2,2,0,0.0,0.0,0,0,75900.0,-1.0
629,1035,dailyfeats,37.0,2,1,73,36.0,52.0,0,73,240.0,-1.0
630,1035,dailyfeats,44.0,2,2,0,0.0,0.0,0,0,75000.0,-1.0
631,1035,dailyfeats,17.0,1,1,51,51.0,0.0,51,51,-1.0,-1.0
632,1035,dailyfeats,18.0,1,1,0,0.0,0.0,0,0,-1.0,-1.0
633,1035,dailyfeats,19.0,1,1,28,28.0,0.0,28,28,-1.0,-1.0
634,1035,dailyfeats,21.0,1,1,0,0.0,0.0,0,0,-1.0,-1.0
635,1035,dailyfeats,22.0,1,1,0,0.0,0.0,0,0,-1.0,-1.0
636,1035,dailyfeats,24.0,1,1,0,0.0,0.0,0,0,-1.0,-1.0
637,1035,dailyfeats,26.0,1,1,0,0.0,0.0,0,0,-1.0,-1.0
638,1035,dailyfeats,31.0,1,1,0,0.0,0.0,0,0,-1.0,-1.0
639,1035,dailyfeats,32.0,1,1,0,0.0,0.0,0,0,-1.0,-1.0
640,1035,dailyfeats,40.0,1,1,7,7.0,0.0,7,7,-1.0,-1.0
641,1035,dailyfeats,45.0,1,1,0,0.0,0.0,0,0,-1.0,-1.0
642,1035,dailyfeats,46.0,1,1,0,0.0,0.0,0,0,-1.0,-1.0
643,1035,icope,-1.0,2,1,99,50.0,12.0,41,58,540.0,-1.0
644,1035,icope,22.0,2,1,7,4.0,5.0,0,7,60.0,-1.0
645,1035,icope,3.0,1,1,24,24.0,0.0,24,24,-1.0,-1.0
646,1035,icope,7.0,1,1,35,35.0,0.0,35,35,-1.0,-1.0
647,1035,icope,30.0,1,1,0,0.0,0.0,0,0,-1.0,-1.0
648,1035,icope,37.0,1,1,38,38.0,0.0,38,38,-1.0,-1.0
649,1035,mantra,30.0,2,2,36,18.0,25.0,0,36,19740.0,-1.0
650,1035,mantra,29.0,1,1,17,17.0,0.0,17,17,-1.0,-1.0
651,1035,mantra,37.0,1,1,69,69.0,0.0,69,69,-1.0,-1.0
652,1035,messages,45.0,5,3,0,0.0,0.0,0,0,16875.0,14434.0
653,1035,messages,46.0,5,3,0,0.0,0.0,0,0,19650.0,14018.0
654,1035,messages,44.0,4,3,0,0.0,0.0,0,0,24280.0,16229.0
655,1035,messages,47.0,3,2,0,0.0,0.0,0,0,10050.0,1739.0
656,1035,messages,34.0,2,2,166,83.0,117.0,0,166,22200.0,-1.0
657,1035,messages,43.0,2,1,19,10.0,13.0,0,19,12600.0,-1.0
658,1035,messages,30.0,1,1,0,0.0,0.0,0,0,-1.0,-1.0
659,1035,messages,31.0,1,1,0,0.0,0.0,0,0,-1.0,-1.0
660,1035,messages,32.0,1,1,0,0.0,0.0,0,0,-1.0,-1.0
661,1035,messages,33.0,1,1,0,0.0,0.0,0,0,-1.0,-1.0
662,1035,moveme,28.0,5,1,148,30.0,24.0,1,58,345.0,198.0
663,1035,moveme,30.0,3,1,70,23.0,24.0,0,47,870.0,467.0
664,1035,moveme,33.0,1,1,20,20.0,0.0,20,20,-1.0,-1.0
665,1035,moveme,45.0,1,1,4,4.0,0.0,4,4,-1.0,-1.0
666,1035,relax,19.0,5,2,24,5.0,7.0,0,14,9195.0,16274.0
667,1035,relax,2.0,4,3,100,25.0,25.0,0,47,15220.0,13006.0
668,1035,relax,7.0,4,1,170,42.0,30.0,0,67,660.0,626.0
669,1035,relax,-1.0,3,1,109,36.0,33.0,0,65,180.0,170.0
670,1035,relax,0.0,3,2,55,18.0,16.0,3,35,9930.0,13704.0
671,1035,relax,9.0,3,1,35,12.0,19.0,0,34,120.0,-1.0
672,1035,relax,20.0,2,1,46,23.0,18.0,10,36,300.0,-1.0
673,1035,relax,5.0,1,1,8,8.0,0.0,8,8,-1.0,-1.0
674,1035,relax,24.0,1,1,119,119.0,0.0,119,119,-1.0,-1.0
675,1035,relax,29.0,1,1,57,57.0,0.0,57,57,-1.0,-1.0
676,1035,relax,45.0,1,1,6,6.0,0.0,6,6,-1.0,-1.0
677,1035,slumbertime,17.0,4,2,50,12.0,16.0,0,34,12420.0,21252.0
678,1035,slumbertime,8.0,2,1,18,9.0,13.0,0,18,120.0,-1.0
679,1035,slumbertime,30.0,1,1,0,0.0,0.0,0,0,-1.0,-1.0
680,1035,socialforce,37.0,1,1,59,59.0,0.0,59,59,-1.0,-1.0
681,1035,thoughtchallenger,37.0,1,1,38,38.0,0.0,38,38,-1.0,-1.0
682,1035,worryknot,9.0,3,1,134,45.0,31.0,18,79,120.0,85.0
683,1035,worryknot,6.0,1,1,0,0.0,0.0,0,0,-1.0,-1.0
684,1036,icope,23.0,1,1,24,24.0,0.0,24,24,-1.0,-1.0
685,1036,icope,24.0,1,1,137,137.0,0.0,137,137,-1.0,-1.0
686,1036,icope,29.0,1,1,13,13.0,0.0,13,13,-1.0,-1.0
687,1036,slumbertime,21.0,6,1,258,43.0,25.0,11,71,144.0,33.0
688,1036,slumbertime,20.0,4,2,28,7.0,13.0,0,27,18460.0,31455.0
689,1036,slumbertime,19.0,3,1,209,70.0,22.0,44,83,390.0,127.0
690,1036,slumbertime,23.0,2,1,138,69.0,16.0,58,80,300.0,-1.0
691,1036,worryknot,26.0,8,2,241,30.0,27.0,0,73,557.0,1106.0
692,1036,worryknot,27.0,1,1,46,46.0,0.0,46,46,-1.0,-1.0
693,1036,worryknot,28.0,1,1,42,42.0,0.0,42,42,-1.0,-1.0
694,1036,worryknot,32.0,1,1,148,148.0,0.0,148,148,-1.0,-1.0
695,1036,worryknot,33.0,1,1,24,24.0,0.0,24,24,-1.0,-1.0
696,1036,worryknot,34.0,1,1,7,7.0,0.0,7,7,-1.0,-1.0
697,1036,worryknot,39.0,1,1,35,35.0,0.0,35,35,-1.0,-1.0
698,1036,worryknot,48.0,1,1,12,12.0,0.0,12,12,-1.0,-1.0
699,1040,mantra,10.0,5,2,90,18.0,24.0,0,59,6120.0,7297.0
700,1040,mantra,11.0,5,3,229,46.0,55.0,5,143,12255.0,13530.0
701,1040,mantra,9.0,3,1,175,58.0,83.0,7,154,1230.0,1570.0
702,1040,mantra,13.0,1,1,24,24.0,0.0,24,24,-1.0,-1.0
703,1040,thoughtchallenger,11.0,6,1,252,42.0,25.0,4,79,144.0,68.0
704,1040,thoughtchallenger,16.0,5,1,54,11.0,14.0,0,32,120.0,49.0
705,1040,thoughtchallenger,10.0,3,1,74,25.0,43.0,0,74,4830.0,6491.0
706,1040,thoughtchallenger,17.0,3,1,220,73.0,42.0,40,121,540.0,679.0
707,1040,thoughtchallenger,26.0,3,1,120,40.0,30.0,5,58,2820.0,2546.0
708,1040,thoughtchallenger,31.0,3,2,115,38.0,35.0,16,79,9870.0,13534.0
709,1040,thoughtchallenger,33.0,3,1,106,35.0,61.0,0,106,90.0,42.0
710,1040,thoughtchallenger,13.0,1,1,8,8.0,0.0,8,8,-1.0,-1.0
711,1040,thoughtchallenger,25.0,1,1,152,152.0,0.0,152,152,-1.0,-1.0
712,1040,thoughtchallenger,34.0,1,1,64,64.0,0.0,64,64,-1.0,-1.0
713,1045,mantra,5.0,3,3,81,27.0,28.0,0,56,16620.0,15274.0
714,1045,mantra,4.0,2,1,19,10.0,1.0,9,10,300.0,-1.0
715,1045,mantra,6.0,1,1,25,25.0,0.0,25,25,-1.0,-1.0
716,1045,messages,5.0,9,3,129,14.0,31.0,0,94,9458.0,13237.0
717,1045,messages,4.0,3,2,132,44.0,76.0,0,132,10800.0,-1.0
718,1045,messages,6.0,1,1,0,0.0,0.0,0,0,-1.0,-1.0
719,1045,slumbertime,5.0,5,1,110,22.0,29.0,0,67,240.0,202.0
720,1051,aspire,0.0,3,1,121,40.0,66.0,0,117,390.0,127.0
721,1051,moveme,17.0,3,1,30,10.0,16.0,0,29,120.0,85.0
722,1051,moveme,16.0,2,1,21,10.0,15.0,0,21,60.0,-1.0
723,1051,relax,6.0,4,1,35,9.0,16.0,0,33,1760.0,2789.0
724,1051,relax,11.0,3,1,48,16.0,14.0,0,24,1890.0,2079.0
725,1051,relax,5.0,2,1,43,22.0,5.0,18,25,300.0,-1.0
726,1051,relax,0.0,1,1,43,43.0,0.0,43,43,-1.0,-1.0
727,1051,relax,4.0,1,1,10,10.0,0.0,10,10,-1.0,-1.0
728,1051,relax,7.0,1,1,23,23.0,0.0,23,23,-1.0,-1.0
729,1051,relax,10.0,1,1,9,9.0,0.0,9,9,-1.0,-1.0
730,1051,relax,14.0,1,1,13,13.0,0.0,13,13,-1.0,-1.0
731,1051,slumbertime,5.0,3,1,73,24.0,11.0,15,37,150.0,42.0
732,1051,slumbertime,7.0,3,1,59,20.0,33.0,0,58,60.0,-1.0
733,1051,slumbertime,9.0,2,1,47,24.0,33.0,0,47,120.0,-1.0
734,1051,slumbertime,0.0,1,1,77,77.0,0.0,77,77,-1.0,-1.0
735,1051,slumbertime,4.0,1,1,4,4.0,0.0,4,4,-1.0,-1.0
736,1051,slumbertime,8.0,1,1,3,3.0,0.0,3,3,-1.0,-1.0
737,1051,slumbertime,10.0,1,1,24,24.0,0.0,24,24,-1.0,-1.0
738,1051,slumbertime,11.0,1,1,38,38.0,0.0,38,38,-1.0,-1.0
739,1051,slumbertime,13.0,1,1,42,42.0,0.0,42,42,-1.0,-1.0
740,1051,slumbertime,14.0,1,1,36,36.0,0.0,36,36,-1.0,-1.0
741,1051,slumbertime,15.0,1,1,5,5.0,0.0,5,5,-1.0,-1.0
742,1051,slumbertime,16.0,1,1,37,37.0,0.0,37,37,-1.0,-1.0
743,1051,slumbertime,17.0,1,1,35,35.0,0.0,35,35,-1.0,-1.0
744,1051,thoughtchallenger,14.0,2,1,52,26.0,6.0,22,30,420.0,-1.0
745,1051,thoughtchallenger,5.0,1,1,24,24.0,0.0,24,24,-1.0,-1.0
746,1051,thoughtchallenger,11.0,1,1,45,45.0,0.0,45,45,-1.0,-1.0
747,1051,worryknot,17.0,1,1,62,62.0,0.0,62,62,-1.0,-1.0
